id,name,gender,location,email
1,Arabele Jeskin,Female,Staxigoe,arabele.jeskin@hotmail.com
2,Saul Pantone,Male,Cluj-Napoca,saul.pantone@aol.com
3,Brand Baudic,Male,Yeraganahlli,brand.baudic@planet.nl
4,Annemarie Jedrys,Female,Lynnfield,annemarie.jedrys@hotmail.com
5,Nelia Spafford,Female,Mount Pleasant,nelia.spafford@gmail.com
6,Homerus Coxall,Male,Waddeweitz Klein Gaddau,homerus.coxall@yahoo.com
7,Shandie Giacovetti,Female,Ptaszkowice,shandie.giacovetti@hotmail.com
8,Sasha Nyssens,Male,Wisconsin Dells,sasha.nyssens@live.com
9,Delcina Mailey,Female,Sempesserre,delcina.mailey@yahoo.com.br
10,Gino Shurlock,Male,Guaycuru,gino.shurlock@gmail.com
11,Merilee Alger,Female,Воля (Новоселівська),merilee.alger@yahoo.com
12,Alick Schwartz,Male,Іванівщина,alick.schwartz@hotmail.com
13,Terence Canero,Male,Chattanooga,terence.canero@hotmail.com
14,Bamby Dunn,Female,산내면,bamby.dunn@hotmail.com
15,Nils Lingard,Male,Afşar,nils.lingard@gmail.com
16,Aylmer Donavan,Male,Hosephu,aylmer.donavan@gmx.de
17,Nana MacAnelley,Female,Smolary Bytnickie,nana.macanelley@gmail.com
18,Jacquie Eul,Female,Пряпорец / Prjaporec,jacquie.eul@terra.com.br
19,Asa Ubank,Male,Ariano,asa.ubank@gmail.com
20,Frayda Snelling,Female,Greta Main,frayda.snelling@aol.com
21,Kelci Paolucci,Female,Buruaga,kelci.paolucci@hotmail.fr
22,Trixi Arundel,Female,Murchison,trixi.arundel@gmail.com
23,Tallia Mordue,Female,Bellampalli,tallia.mordue@yahoo.co.uk
24,Granger Turl,Male,Viktorovka,granger.turl@yahoo.com
25,Felizio Prosek,Male,Propex Furnishing Solutions GmbH & Co.KG,felizio.prosek@gmail.com
26,Terrye Whyborne,Female,Sahupuram,terrye.whyborne@hotmail.com
27,Page Nicolls,Male,Maeda,page.nicolls@ig.com.br
28,Engelbert Wadeling,Male,Dockers Plains,engelbert.wadeling@hotmail.com
29,Rora Pilley,Female,Brăila,rora.pilley@wanadoo.fr
30,Sarah Abbotson,Female,Târlişua,sarah.abbotson@aol.com
31,Brewer Capoun,Male,Pedrógão Pequeno,brewer.capoun@yahoo.com
32,Annie Sandars,Female,Mutsunacho,annie.sandars@yahoo.co.uk
33,Ladonna Mattinson,Female,Mărunţişu,ladonna.mattinson@cox.net
34,Alonso Burrells,Male,Sunnyside,alonso.burrells@aol.com
35,Kerrill Hollingshead,Female,EL MOLLE,kerrill.hollingshead@gmail.com
36,Regine Tille,Female,LOTES DE ALVAREZ,regine.tille@gmail.com
37,Heddi Jeffery,Female,Al Murar,heddi.jeffery@yahoo.com
38,Brandy Stobbes,Male,Clementi Crescent,brandy.stobbes@yahoo.com.au
39,Corbin Orys,Male,C.Mavilingai,corbin.orys@hotmail.it
40,Alex Allridge,Female,Maninghem,alex.allridge@yahoo.com
41,Erroll Grabb,Male,West Williamston,erroll.grabb@yahoo.com
42,Neda Wornum,Female,Oelsnitz/Erzgebirge,neda.wornum@free.fr
43,Ruby Sarjent,Male,Trebišov 1,ruby.sarjent@yahoo.com
44,Miran Tatton,Female,Moneydie,miran.tatton@gmail.com
45,Jessey Bauld,Male,Västerås,jessey.bauld@gmail.com
46,Hasheem Oluwatoyin,Male,Ajauque,hasheem.oluwatoyin@gmail.com
47,Ches Allbut,Male,Middlemount,ches.allbut@hotmail.com
48,Neils Wareing,Male,Buangkok Crescent,neils.wareing@yahoo.com
49,Jayne Byng,Female,Paços de Gaiolo,jayne.byng@yahoo.com
50,Tudor Routledge,Male,Москва 495,tudor.routledge@yahoo.com
51,Harriette Eddowis,Female,Struhařov,harriette.eddowis@yahoo.com
52,Piggy Southerton,Male,Nowa Wieś,piggy.southerton@yahoo.com
53,Evelyn Gearing,Female,Jalan Pari Unak,evelyn.gearing@yahoo.fr
54,Kevan Skeath,Male,Гнатівка,kevan.skeath@wanadoo.fr
55,Tan Logan,Male,Behru,tan.logan@msn.com
56,Kym Danton,Female,Santa María Mixtequilla,kym.danton@hotmail.com
57,Keven Bewick,Male,Великі Гори,keven.bewick@gmail.com
58,Leontine Barrie,Female,La Bastidonne,leontine.barrie@gmail.com
59,Inge Trace,Female,Donja Stubica,inge.trace@aol.com
60,Nicol Pavey,Male,Südbund,nicol.pavey@aol.com
61,Petra Haffard,Female,Teban Gardens Road,petra.haffard@hotmail.com
62,Laurent Bedborough,Male,Bucureşti 51,laurent.bedborough@yahoo.com.br
63,Marla Eliet,Female,Kuala Lumpur,marla.eliet@hotmail.com
64,Ailbert O'Doherty,Male,Bougé-Chambalud,ailbert.odoherty@gmail.com
65,Constantia Mephan,Female,Yishun Industrial Park A,constantia.mephan@yahoo.de
66,Creighton Booy,Male,La Noria,creighton.booy@hotmail.com
67,Hamlen Denniston,Male,Tlaxcuapan,hamlen.denniston@yahoo.co.in
68,Fraser Riddett,Male,Vale Benfeito,fraser.riddett@gmail.com
69,Vanni Otham,Female,Snowidza,vanni.otham@comcast.net
70,Loren Kerner,Male,Kolbotn,loren.kerner@yahoo.com
71,Hiram Escolme,Male,북구,hiram.escolme@gmail.com
72,Brockie Benns,Male,CRUCECITA,brockie.benns@yahoo.fr
73,Rhodie Sturdy,Female,Bobiniškių k.,rhodie.sturdy@gmail.com
74,Alister Ackland,Male,Salles,alister.ackland@gmail.com
75,Loreen Pawlaczyk,Female,Xochitanapa,loreen.pawlaczyk@yahoo.com
76,Ferd Odgers,Male,Poklek,ferd.odgers@orange.fr
77,Margot Ashworth,Female,Parsia,margot.ashworth@yahoo.com
78,Patten Kornel,Male,Bozeman,patten.kornel@gmail.com
79,Noach Divine,Male,Ouled Driss,noach.divine@hotmail.com
80,Parke Sear,Male,Alaplisofular,parke.sear@yahoo.com
81,Reagen Aers,Male,Cerezal De Sanabria,reagen.aers@gmail.com
82,Stephanus Lomasney,Male,Albany,stephanus.lomasney@yahoo.com
83,Maddie Schooley,Female,Крутогорье,maddie.schooley@yahoo.com
84,Teddy Bolens,Male,Asurchapal,teddy.bolens@gmail.com
85,Michel Kinnerley,Male,Aso,michel.kinnerley@hotmail.com
86,Andeee Compford,Female,Borut,andeee.compford@yahoo.com
87,Aylmer Sheal,Male,Haig Road,aylmer.sheal@hotmail.es
88,Laurette Firth,Female,Recreation Road,laurette.firth@tin.it
89,Sunny Cathery,Female,İkitepe,sunny.cathery@yahoo.com
90,Ami Jovicic,Female,Gnojnica,ami.jovicic@hotmail.com
91,Alikee Sadgrove,Female,Polinya De Xuquer,alikee.sadgrove@gmail.com
92,Twyla Windybank,Female,Campo del Indio Romero,twyla.windybank@hotmail.com
93,Baldwin Covendon,Male,Jordhankollai,baldwin.covendon@yahoo.fr
94,Ketti Tregaskis,Female,Kesik,ketti.tregaskis@facebook.com
95,Caryl Meakes,Female,Joo Chiat Terrace,caryl.meakes@gmail.com
96,Case Beaufoy,Male,Berry Creek,case.beaufoy@gmail.com
97,Filippo Ternouth,Male,Matagne-La-Grande,filippo.ternouth@comcast.net
98,Charlot Allans,Female,Dondlo,charlot.allans@hotmail.com
99,Merwyn Dibden,Male,Chalonnes-sous-le-Lude,merwyn.dibden@virgilio.it
100,Lyndsey Gerrell,Female,Kaniūkų k.,lyndsey.gerrell@msn.com
